{"cameraMode":{"drawMode":0,"name":"Shaded","section":"Shading Mode"},"sceneLighting":false,"audioPlay":false,"sceneViewState":{"showFog":false,"showMaterialUpdate":false,"showSkybox":false,"showFlares":false,"showImageEffects":false,"showParticleSystems":false,"showVisualEffectGraphs":true,"m_FxEnabled":true},"in2DMode":false,"pivot":{"x":-0.07216045260429383,"y":0.36466217041015627,"z":-0.06454656273126602},"rotation":{"x":-0.19840030372142793,"y":-0.4133029878139496,"z":0.09277365356683731,"w":-0.8838609457015991},"size":1.4582796096801758,"orthographic":false}