{"cameraMode":{"drawMode":0,"name":"Shaded","section":"Shading Mode"},"sceneLighting":false,"audioPlay":false,"sceneViewState":{"showFog":false,"showMaterialUpdate":false,"showSkybox":false,"showFlares":false,"showImageEffects":false,"showParticleSystems":false,"showVisualEffectGraphs":true,"m_FxEnabled":true},"in2DMode":false,"pivot":{"x":-0.027243971824645997,"y":0.6726927757263184,"z":-0.024134576320648195},"rotation":{"x":-0.1608792543411255,"y":-0.16147162020206452,"z":0.026689395308494569,"w":-0.9733092784881592},"size":1.4582796096801758,"orthographic":false}